number,message
7,"А что значат лимиты сервиса? Почему мне доступен только миллион символов? Или это миллион символов в месяц? Честно говоря, немного не понял."
13,"здарова! я тут пользуюсь вашим сервисом, но у меня проблемка. каковы лимиты по символам? мне надо больше писать!"
40,"Привет! Я новый пользователь вашего сервиса и хотел бы узнать, есть ли возможность увеличить лимиты символов или запросов за определенный период времени? Мне потребуется больше ресурсов для обработки текстов и я хотел бы узнать, как это можно сделать."
57,"Добрый день! Я активный пользователь вашего сервиса и очень доволен его функциональностью. Однако, хотелось бы узнать, какие лимиты установлены на количество символов или запросов для каждого типа задач? Я хочу понять, как оптимально использовать сервис в рамках этих ограничений."
79,"Доброго дня! Меня зовут Алексей, и я представляю рекламную платформу, специализирующуюся на контекстной рекламе. Мы можем предложить вам эффективные рекламные кампании, которые помогут привлечь целевую аудиторию и увеличить вашу видимость в сети. Если вас интересует увеличение эффективности вашей рекламы, дайте мне знать, чтобы мы могли обсудить детали и подготовить предложение специально для вас."
80,"привет, я новичок. какие лимиты в бесплатной версии? можно ли их расширить или что-то такое?"
98,Как увеличить количество символов?
103,"привет, есть вопрос. зачем мне ограничение по запросам? могу я просто использовать сервис сколько угодно?"
111,"Здравствуйте! Я прочитал о ваших лимитах использования сервиса, и меня интересует, можно ли расширить эти лимиты, чтобы мои возможности были больше. Есть ли у вас возможность предоставить пользовательские планы с дополнительными лимитами?"
129,"привет! я не понимаю эти лимиты, почему такие маленькие? можно ли их увеличить?"
141,Расскажите о лимитах в бесплатной версии
149,"Привет! Можете рассказать мне о лимитах, существующих в бесплатной версии аккаунта? Хочу знать, что я могу делать и на что я ограничен."
153,"Здравствуйте, расскажите пожалуйста о лимитах в бесплатной версии."
154,"Приветствую! Я восхищаюсь вашим сервисом, но у меня возник вопрос о лимитах. Скажите, существуют ли какие-либо ограничения на количество запросов в день или в час? Или же я могу использовать сервис без ограничений?"
155,"Здравствуйте! Я работаю в качестве PR-менеджера и предлагаю сотрудничество с вашей компанией. Мы можем организовать партнерскую программу, которая поможет увеличить вашу видимость и привлечь новых клиентов. Если вас интересует возможность партнерства, я готов обсудить детали и предоставить вам дополнительную информацию."
164,"я авторизовался, а сайт до сих пор пишет, что я превысил лимит"
167,"Здравствуйте! Меня интересует, какие лимиты установлены для использования вашего сервиса в рамках бесплатной версии. Я хотел бы понять, сколько символов или запросов я могу обработать, чтобы эффективно планировать свою работу. Если есть возможность расширить эти лимиты, я также хотел бы узнать об этом."
169,"Добрый день! Подскажите, имеется ли у вас в платной подписке доступ к API? Если да, какие установлены лимиты и есть ли документация? Спасибо."
170,"Добрый день! У нас закончились лимиты, а до следующего месяца еще долго ждать (4 апреля). Подскажите я могу оплатить снова подписку ($10) и таким образом обновить лимиты в рамках данного аккаунта или мне нужно регистрировать новый аккаунт?"
